Model,Accuracy
SVM,0.8888888888888888
Random Forest,0.7407407407407407
KNN,0.8888888888888888
LightGBM,0.8148148148148148
